file_path,machine_type,machine_id,condition,if_score,ae_score,if_is_anomaly,ae_is_anomaly,combined_label
data\raw\mimii\pump\id_00\abnormal\00000000.wav,pump,id_00,anomaly,0.44338361402561915,0.14937672105406116,True,True,anomaly
data\raw\mimii\pump\id_00\abnormal\00000001.wav,pump,id_00,anomaly,0.5071469809705499,0.6059724194509882,True,True,anomaly
data\raw\mimii\pump\id_00\abnormal\00000002.wav,pump,id_00,anomaly,0.4622074998317121,0.1455495804064797,True,True,anomaly
data\raw\mimii\pump\id_00\abnormal\00000003.wav,pump,id_00,anomaly,0.4785845664229527,0.4934682976869222,True,True,anomaly
data\raw\mimii\pump\id_00\abnormal\00000004.wav,pump,id_00,anomaly,0.4750497823214818,0.2458599411738577,True,True,anomaly
data\raw\mimii\pump\id_00\abnormal\00000005.wav,pump,id_00,anomaly,0.4666593504589813,0.2985556478291831,True,True,anomaly
data\raw\mimii\pump\id_00\abnormal\00000006.wav,pump,id_00,anomaly,0.4822104049963027,0.3293853682766285,True,True,anomaly
data\raw\mimii\pump\id_00\abnormal\00000007.wav,pump,id_00,anomaly,0.4670101001431606,0.4347221763790247,True,True,anomaly
data\raw\mimii\pump\id_00\abnormal\00000008.wav,pump,id_00,anomaly,0.4914776981808778,0.4033489203832868,True,True,anomaly
data\raw\mimii\pump\id_00\abnormal\00000009.wav,pump,id_00,anomaly,0.4817369466871799,0.5026241067106685,True,True,anomaly
data\raw\mimii\pump\id_00\abnormal\00000010.wav,pump,id_00,anomaly,0.5128435411508818,0.39372408621238314,True,True,anomaly
data\raw\mimii\pump\id_00\abnormal\00000011.wav,pump,id_00,anomaly,0.5107014627709439,0.5804212362106557,True,True,anomaly
data\raw\mimii\pump\id_00\abnormal\00000012.wav,pump,id_00,anomaly,0.5316506131087425,0.589562218847287,True,True,anomaly
data\raw\mimii\pump\id_00\abnormal\00000013.wav,pump,id_00,anomaly,0.48120465976539273,0.41191060900311344,True,True,anomaly
data\raw\mimii\pump\id_00\abnormal\00000014.wav,pump,id_00,anomaly,0.44464651154335216,0.17756794528117278,True,True,anomaly
data\raw\mimii\pump\id_00\abnormal\00000015.wav,pump,id_00,anomaly,0.5095344041503896,0.6881562503243058,True,True,anomaly
data\raw\mimii\pump\id_00\abnormal\00000016.wav,pump,id_00,anomaly,0.4670288558975402,0.29601846363707063,True,True,anomaly
data\raw\mimii\pump\id_00\abnormal\00000017.wav,pump,id_00,anomaly,0.4951457037183202,0.4987814264062691,True,True,anomaly
data\raw\mimii\pump\id_00\abnormal\00000018.wav,pump,id_00,anomaly,0.4684807916995528,0.25025824252290907,True,True,anomaly
data\raw\mimii\pump\id_00\abnormal\00000019.wav,pump,id_00,anomaly,0.5225348881670836,0.6129243604094983,True,True,anomaly
data\raw\mimii\pump\id_00\abnormal\00000020.wav,pump,id_00,anomaly,0.45928946787271946,0.2777374885768823,True,True,anomaly
data\raw\mimii\pump\id_00\abnormal\00000021.wav,pump,id_00,anomaly,0.47011636065517454,0.4273316586717229,True,True,anomaly
data\raw\mimii\pump\id_00\abnormal\00000022.wav,pump,id_00,anomaly,0.5385479298453707,0.41376015732548127,True,True,anomaly
data\raw\mimii\pump\id_00\abnormal\00000023.wav,pump,id_00,anomaly,0.4808446650642039,0.6502520742405423,True,True,anomaly
data\raw\mimii\pump\id_00\abnormal\00000024.wav,pump,id_00,anomaly,0.4853252608106497,0.3111579552275366,True,True,anomaly
data\raw\mimii\pump\id_00\abnormal\00000025.wav,pump,id_00,anomaly,0.4741769575030508,0.5608886264288503,True,True,anomaly
data\raw\mimii\pump\id_00\abnormal\00000026.wav,pump,id_00,anomaly,0.46787878510734565,0.4053589720343358,True,True,anomaly
data\raw\mimii\pump\id_00\abnormal\00000027.wav,pump,id_00,anomaly,0.49672192970394463,0.4388714672226642,True,True,anomaly
data\raw\mimii\pump\id_00\abnormal\00000028.wav,pump,id_00,anomaly,0.4944456955621018,0.28205854090581933,True,True,anomaly
data\raw\mimii\pump\id_00\abnormal\00000029.wav,pump,id_00,anomaly,0.5034226842842849,0.588320416990573,True,True,anomaly
data\raw\mimii\pump\id_00\abnormal\00000030.wav,pump,id_00,anomaly,0.4875489823951132,0.12758963338327642,True,True,anomaly
data\raw\mimii\pump\id_00\abnormal\00000031.wav,pump,id_00,anomaly,0.46960974497788105,0.5577566803493688,True,True,anomaly
data\raw\mimii\pump\id_00\abnormal\00000032.wav,pump,id_00,anomaly,0.47207356289458985,0.1391721073886253,True,True,anomaly
data\raw\mimii\pump\id_00\abnormal\00000033.wav,pump,id_00,anomaly,0.5369890797594882,0.805055338318014,True,True,anomaly
data\raw\mimii\pump\id_00\abnormal\00000034.wav,pump,id_00,anomaly,0.4693771324087102,0.13885613853805331,True,True,anomaly
data\raw\mimii\pump\id_00\abnormal\00000035.wav,pump,id_00,anomaly,0.5780123808079566,0.7995128708079003,True,True,anomaly
data\raw\mimii\pump\id_00\abnormal\00000036.wav,pump,id_00,anomaly,0.4406523849398896,0.11287977715871238,True,True,anomaly
data\raw\mimii\pump\id_00\abnormal\00000037.wav,pump,id_00,anomaly,0.49718259821798266,0.492040002853588,True,True,anomaly
data\raw\mimii\pump\id_00\abnormal\00000038.wav,pump,id_00,anomaly,0.45846763090735526,0.10574198139857229,True,True,anomaly
data\raw\mimii\pump\id_00\abnormal\00000039.wav,pump,id_00,anomaly,0.5172598298047427,0.4473824991359425,True,True,anomaly
data\raw\mimii\pump\id_00\abnormal\00000040.wav,pump,id_00,anomaly,0.4047758493854929,0.08332115947348812,True,True,anomaly
data\raw\mimii\pump\id_00\abnormal\00000041.wav,pump,id_00,anomaly,0.518674855707141,0.6381344439386444,True,True,anomaly
data\raw\mimii\pump\id_00\abnormal\00000042.wav,pump,id_00,anomaly,0.43560688320799207,0.11939703930810204,True,True,anomaly
data\raw\mimii\pump\id_00\abnormal\00000043.wav,pump,id_00,anomaly,0.5224764421415203,0.5919630711143986,True,True,anomaly
data\raw\mimii\pump\id_00\abnormal\00000044.wav,pump,id_00,anomaly,0.4642562933336008,0.5742195105282746,True,True,anomaly
data\raw\mimii\pump\id_00\abnormal\00000045.wav,pump,id_00,anomaly,0.475413716992832,0.4968305625776215,True,True,anomaly
data\raw\mimii\pump\id_00\abnormal\00000046.wav,pump,id_00,anomaly,0.5171389654246438,0.46332138631980313,True,True,anomaly
data\raw\mimii\pump\id_00\abnormal\00000047.wav,pump,id_00,anomaly,0.4587227363005902,0.36724555217556826,True,True,anomaly
data\raw\mimii\pump\id_00\abnormal\00000048.wav,pump,id_00,anomaly,0.44138080940349683,0.4250362672942593,True,True,anomaly
data\raw\mimii\pump\id_00\abnormal\00000049.wav,pump,id_00,anomaly,0.47541895315310256,0.5523709347127977,True,True,anomaly
data\raw\mimii\pump\id_00\abnormal\00000050.wav,pump,id_00,anomaly,0.45038062654793437,0.47383186625539797,True,True,anomaly
data\raw\mimii\pump\id_00\abnormal\00000051.wav,pump,id_00,anomaly,0.5088392857204733,0.4824027235225345,True,True,anomaly
data\raw\mimii\pump\id_00\abnormal\00000052.wav,pump,id_00,anomaly,0.4872578234657385,0.4623241367630892,True,True,anomaly
data\raw\mimii\pump\id_00\abnormal\00000053.wav,pump,id_00,anomaly,0.4514304814094567,0.24157470920721216,True,True,anomaly
data\raw\mimii\pump\id_00\abnormal\00000054.wav,pump,id_00,anomaly,0.44805693987918827,0.489931320735322,True,True,anomaly
data\raw\mimii\pump\id_00\abnormal\00000055.wav,pump,id_00,anomaly,0.473431683478196,0.21078320420677435,True,True,anomaly
data\raw\mimii\pump\id_00\abnormal\00000056.wav,pump,id_00,anomaly,0.4486143993425324,0.4486949424877664,True,True,anomaly
data\raw\mimii\pump\id_00\abnormal\00000057.wav,pump,id_00,anomaly,0.5614204429238777,0.43708656492519893,True,True,anomaly
data\raw\mimii\pump\id_00\abnormal\00000058.wav,pump,id_00,anomaly,0.45257915972265533,0.5241944777284266,True,True,anomaly
data\raw\mimii\pump\id_00\abnormal\00000059.wav,pump,id_00,anomaly,0.5122027807211973,0.24937667744974176,True,True,anomaly
data\raw\mimii\pump\id_00\abnormal\00000060.wav,pump,id_00,anomaly,0.4703753515966686,0.640799311507473,True,True,anomaly
data\raw\mimii\pump\id_00\abnormal\00000061.wav,pump,id_00,anomaly,0.48612599880365037,0.2083078634617281,True,True,anomaly
data\raw\mimii\pump\id_00\abnormal\00000062.wav,pump,id_00,anomaly,0.49722105808794437,0.4523239664948262,True,True,anomaly
data\raw\mimii\pump\id_00\abnormal\00000063.wav,pump,id_00,anomaly,0.4982446899908706,0.28424115323185223,True,True,anomaly
data\raw\mimii\pump\id_00\abnormal\00000064.wav,pump,id_00,anomaly,0.5323248407643061,0.8048270094680827,True,True,anomaly
data\raw\mimii\pump\id_00\abnormal\00000065.wav,pump,id_00,anomaly,0.48826215051630656,0.2582071481777903,True,True,anomaly
data\raw\mimii\pump\id_00\abnormal\00000066.wav,pump,id_00,anomaly,0.46567125151445166,0.5798557837328822,True,True,anomaly
data\raw\mimii\pump\id_00\abnormal\00000067.wav,pump,id_00,anomaly,0.4836924018464351,0.4070317674408435,True,True,anomaly
data\raw\mimii\pump\id_00\abnormal\00000068.wav,pump,id_00,anomaly,0.46358070015610914,0.7343728919246507,True,True,anomaly
data\raw\mimii\pump\id_00\abnormal\00000069.wav,pump,id_00,anomaly,0.44140803839114046,0.1334464210036199,True,True,anomaly
data\raw\mimii\pump\id_00\abnormal\00000070.wav,pump,id_00,anomaly,0.4796724000940231,0.7092530793878685,True,True,anomaly
data\raw\mimii\pump\id_00\abnormal\00000071.wav,pump,id_00,anomaly,0.4676768593105402,0.16834935712106425,True,True,anomaly
data\raw\mimii\pump\id_00\abnormal\00000072.wav,pump,id_00,anomaly,0.3878426516128757,0.12071538736170999,False,True,anomaly
data\raw\mimii\pump\id_00\abnormal\00000073.wav,pump,id_00,anomaly,0.5249437374010556,0.3642594441187002,True,True,anomaly
data\raw\mimii\pump\id_00\abnormal\00000074.wav,pump,id_00,anomaly,0.4175526979750565,0.238071763819224,True,True,anomaly
data\raw\mimii\pump\id_00\abnormal\00000075.wav,pump,id_00,anomaly,0.5389954149254934,0.39134106558899245,True,True,anomaly
data\raw\mimii\pump\id_00\abnormal\00000076.wav,pump,id_00,anomaly,0.4134184749807163,0.08114199780872777,True,True,anomaly
data\raw\mimii\pump\id_00\abnormal\00000077.wav,pump,id_00,anomaly,0.4614806519157119,0.21894059785583256,True,True,anomaly
data\raw\mimii\pump\id_00\abnormal\00000078.wav,pump,id_00,anomaly,0.3966003837669958,0.1090453060122908,False,True,anomaly
data\raw\mimii\pump\id_00\abnormal\00000079.wav,pump,id_00,anomaly,0.5156746706099866,0.39267369205266894,True,True,anomaly
data\raw\mimii\pump\id_00\abnormal\00000080.wav,pump,id_00,anomaly,0.4508076730958561,0.15617614720045492,True,True,anomaly
data\raw\mimii\pump\id_00\abnormal\00000081.wav,pump,id_00,anomaly,0.4793801259789284,0.2191282792884184,True,True,anomaly
data\raw\mimii\pump\id_00\abnormal\00000082.wav,pump,id_00,anomaly,0.443928557305768,0.3102205412491038,True,True,anomaly
data\raw\mimii\pump\id_00\abnormal\00000083.wav,pump,id_00,anomaly,0.5103351195090099,0.3734440488908386,True,True,anomaly
data\raw\mimii\pump\id_00\abnormal\00000084.wav,pump,id_00,anomaly,0.459235634162052,0.09260187063956936,True,True,anomaly
data\raw\mimii\pump\id_00\abnormal\00000085.wav,pump,id_00,anomaly,0.43752953632068275,0.16199837131789027,True,True,anomaly
data\raw\mimii\pump\id_00\abnormal\00000086.wav,pump,id_00,anomaly,0.3919229466700471,0.0859086202709467,False,True,anomaly
data\raw\mimii\pump\id_00\abnormal\00000087.wav,pump,id_00,anomaly,0.450872014556976,0.1699914411973269,True,True,anomaly
data\raw\mimii\pump\id_00\abnormal\00000088.wav,pump,id_00,anomaly,0.4460106525908283,0.13775182253794896,True,True,anomaly
data\raw\mimii\pump\id_00\abnormal\00000089.wav,pump,id_00,anomaly,0.4613644954854102,0.17671300190729258,True,True,anomaly
data\raw\mimii\pump\id_00\abnormal\00000090.wav,pump,id_00,anomaly,0.4863686798356149,0.22476135981828207,True,True,anomaly
data\raw\mimii\pump\id_00\abnormal\00000091.wav,pump,id_00,anomaly,0.46721061303538564,0.22776350140918825,True,True,anomaly
data\raw\mimii\pump\id_00\abnormal\00000092.wav,pump,id_00,anomaly,0.5070100465502918,0.9430988812744392,True,True,anomaly
data\raw\mimii\pump\id_00\abnormal\00000093.wav,pump,id_00,anomaly,0.4553305279040072,0.19854089607039818,True,True,anomaly
data\raw\mimii\pump\id_00\abnormal\00000094.wav,pump,id_00,anomaly,0.4183107457519386,0.080834719454355,True,True,anomaly
data\raw\mimii\pump\id_00\abnormal\00000095.wav,pump,id_00,anomaly,0.49314121221327545,0.2612601099060876,True,True,anomaly
data\raw\mimii\pump\id_00\abnormal\00000096.wav,pump,id_00,anomaly,0.42383945909390713,0.10551244716988455,True,True,anomaly
data\raw\mimii\pump\id_00\abnormal\00000097.wav,pump,id_00,anomaly,0.5004306079863063,0.2666281841067098,True,True,anomaly
data\raw\mimii\pump\id_00\abnormal\00000098.wav,pump,id_00,anomaly,0.47803469006857907,0.31192949751742555,True,True,anomaly
data\raw\mimii\pump\id_00\abnormal\00000099.wav,pump,id_00,anomaly,0.4755246568077669,0.2269880335144839,True,True,anomaly
data\raw\mimii\pump\id_00\abnormal\00000100.wav,pump,id_00,anomaly,0.4472439348794439,0.21475751845810095,True,True,anomaly
data\raw\mimii\pump\id_00\abnormal\00000101.wav,pump,id_00,anomaly,0.5041699758049587,0.23042162823272314,True,True,anomaly
data\raw\mimii\pump\id_00\abnormal\00000102.wav,pump,id_00,anomaly,0.4802501195650117,0.43041750878536683,True,True,anomaly
data\raw\mimii\pump\id_00\abnormal\00000103.wav,pump,id_00,anomaly,0.4431897087820648,0.07472175118346065,True,True,anomaly
data\raw\mimii\pump\id_00\abnormal\00000104.wav,pump,id_00,anomaly,0.5036128567233817,0.3054420609570516,True,True,anomaly
data\raw\mimii\pump\id_00\abnormal\00000105.wav,pump,id_00,anomaly,0.4562597703182895,0.059646111831702986,True,False,anomaly
data\raw\mimii\pump\id_00\abnormal\00000106.wav,pump,id_00,anomaly,0.49903083411316995,0.531327913401375,True,True,anomaly
data\raw\mimii\pump\id_00\abnormal\00000107.wav,pump,id_00,anomaly,0.495027616652423,0.1665276889398557,True,True,anomaly
data\raw\mimii\pump\id_00\abnormal\00000108.wav,pump,id_00,anomaly,0.5431599923558587,0.5617308334386572,True,True,anomaly
data\raw\mimii\pump\id_00\abnormal\00000109.wav,pump,id_00,anomaly,0.4242415300707509,0.051546733734490514,True,False,anomaly
data\raw\mimii\pump\id_00\abnormal\00000110.wav,pump,id_00,anomaly,0.5220863928891563,0.603895968083978,True,True,anomaly
data\raw\mimii\pump\id_00\abnormal\00000111.wav,pump,id_00,anomaly,0.44389105876444535,0.08662100000033303,True,True,anomaly
data\raw\mimii\pump\id_00\abnormal\00000112.wav,pump,id_00,anomaly,0.3707764803675957,0.05395547791246307,False,False,normal
data\raw\mimii\pump\id_00\abnormal\00000113.wav,pump,id_00,anomaly,0.5620807574492331,0.15252777204184678,True,True,anomaly
data\raw\mimii\pump\id_00\abnormal\00000114.wav,pump,id_00,anomaly,0.4236955913341042,0.08920315929775478,True,True,anomaly
data\raw\mimii\pump\id_00\abnormal\00000115.wav,pump,id_00,anomaly,0.3894731345842359,0.0616762280606758,False,False,normal
data\raw\mimii\pump\id_00\abnormal\00000116.wav,pump,id_00,anomaly,0.38801243673734714,0.04561980108237131,False,False,normal
data\raw\mimii\pump\id_00\abnormal\00000117.wav,pump,id_00,anomaly,0.4727624575886535,0.30580055898299824,True,True,anomaly
data\raw\mimii\pump\id_00\abnormal\00000118.wav,pump,id_00,anomaly,0.3748155916319745,0.057181428873269824,False,False,normal
data\raw\mimii\pump\id_00\abnormal\00000119.wav,pump,id_00,anomaly,0.4135943488215676,0.06049634950131039,True,False,anomaly
data\raw\mimii\pump\id_00\abnormal\00000120.wav,pump,id_00,anomaly,0.43561756612260716,0.05913530561873143,True,False,anomaly
data\raw\mimii\pump\id_00\abnormal\00000121.wav,pump,id_00,anomaly,0.37121863758382445,0.04038605441537673,False,False,normal
data\raw\mimii\pump\id_00\abnormal\00000122.wav,pump,id_00,anomaly,0.4276959267022257,0.0699645417497813,True,False,anomaly
data\raw\mimii\pump\id_00\abnormal\00000123.wav,pump,id_00,anomaly,0.4294019556836995,0.08561077871307604,True,True,anomaly
data\raw\mimii\pump\id_00\abnormal\00000124.wav,pump,id_00,anomaly,0.5079462656426531,0.21065384579973287,True,True,anomaly
data\raw\mimii\pump\id_00\abnormal\00000125.wav,pump,id_00,anomaly,0.4205260088807295,0.08850013620313425,True,True,anomaly
data\raw\mimii\pump\id_00\abnormal\00000126.wav,pump,id_00,anomaly,0.44536382480815545,0.10323140046814398,True,True,anomaly
data\raw\mimii\pump\id_00\abnormal\00000127.wav,pump,id_00,anomaly,0.4261412312066157,0.0909308015981151,True,True,anomaly
data\raw\mimii\pump\id_00\abnormal\00000128.wav,pump,id_00,anomaly,0.4340445606238163,0.20728619457389666,True,True,anomaly
data\raw\mimii\pump\id_00\abnormal\00000129.wav,pump,id_00,anomaly,0.42245822750254686,0.13618361819792157,True,True,anomaly
data\raw\mimii\pump\id_00\abnormal\00000130.wav,pump,id_00,anomaly,0.4634508104844848,0.21551956502098377,True,True,anomaly
data\raw\mimii\pump\id_00\abnormal\00000131.wav,pump,id_00,anomaly,0.4221448193331372,0.09787940222942752,True,True,anomaly
data\raw\mimii\pump\id_00\abnormal\00000132.wav,pump,id_00,anomaly,0.4797059465428677,0.1697395360472004,True,True,anomaly
data\raw\mimii\pump\id_00\abnormal\00000133.wav,pump,id_00,anomaly,0.42166260239254605,0.09743598700845585,True,True,anomaly
data\raw\mimii\pump\id_00\abnormal\00000134.wav,pump,id_00,anomaly,0.42118706237701636,0.08152350503377113,True,True,anomaly
data\raw\mimii\pump\id_00\abnormal\00000135.wav,pump,id_00,anomaly,0.44048298122084084,0.19589837451013495,True,True,anomaly
data\raw\mimii\pump\id_00\abnormal\00000136.wav,pump,id_00,anomaly,0.43921877517061136,0.12549097351496435,True,True,anomaly
data\raw\mimii\pump\id_00\abnormal\00000137.wav,pump,id_00,anomaly,0.4502552362630002,0.08630196451317422,True,True,anomaly
data\raw\mimii\pump\id_00\abnormal\00000138.wav,pump,id_00,anomaly,0.5966695263245155,2.5331284424576084,True,True,anomaly
data\raw\mimii\pump\id_00\abnormal\00000139.wav,pump,id_00,anomaly,0.5185104830403744,1.3542113433932397,True,True,anomaly
data\raw\mimii\pump\id_00\abnormal\00000140.wav,pump,id_00,anomaly,0.5043335282260548,0.4404677395282622,True,True,anomaly
data\raw\mimii\pump\id_00\abnormal\00000141.wav,pump,id_00,anomaly,0.4449416264844496,0.598209064180272,True,True,anomaly
data\raw\mimii\pump\id_00\abnormal\00000142.wav,pump,id_00,anomaly,0.4824391364656852,0.40695089727625744,True,True,anomaly
data\raw\mimii\pump\id_00\normal\00000000.wav,pump,id_00,normal,0.5014100381653818,0.18939328633090732,True,True,anomaly
data\raw\mimii\pump\id_00\normal\00000001.wav,pump,id_00,normal,0.42065215593436345,0.09108251254970016,True,True,anomaly
data\raw\mimii\pump\id_00\normal\00000002.wav,pump,id_00,normal,0.4429212404441578,0.1414257625046285,True,True,anomaly
data\raw\mimii\pump\id_00\normal\00000003.wav,pump,id_00,normal,0.46780573682061294,0.10149102751320337,True,True,anomaly
data\raw\mimii\pump\id_00\normal\00000004.wav,pump,id_00,normal,0.44673750558100106,0.08343479980988361,True,True,anomaly
data\raw\mimii\pump\id_00\normal\00000005.wav,pump,id_00,normal,0.4745457011933756,0.1527573683480021,True,True,anomaly
data\raw\mimii\pump\id_00\normal\00000006.wav,pump,id_00,normal,0.5462251531425633,0.19209667112355966,True,True,anomaly
data\raw\mimii\pump\id_00\normal\00000007.wav,pump,id_00,normal,0.4328381460894259,0.08906641422458021,True,True,anomaly
data\raw\mimii\pump\id_00\normal\00000008.wav,pump,id_00,normal,0.521447560841051,0.20687496568364896,True,True,anomaly
data\raw\mimii\pump\id_00\normal\00000009.wav,pump,id_00,normal,0.38975080197929796,0.07458025761435132,False,True,anomaly
data\raw\mimii\pump\id_00\normal\00000010.wav,pump,id_00,normal,0.4940746435911203,0.10515143262813531,True,True,anomaly
data\raw\mimii\pump\id_00\normal\00000011.wav,pump,id_00,normal,0.4022722907123422,0.06837601524100548,True,False,anomaly
data\raw\mimii\pump\id_00\normal\00000012.wav,pump,id_00,normal,0.4948229364923585,0.08664637487612292,True,True,anomaly
data\raw\mimii\pump\id_00\normal\00000013.wav,pump,id_00,normal,0.5301777357584269,0.28101818499986614,True,True,anomaly
data\raw\mimii\pump\id_00\normal\00000014.wav,pump,id_00,normal,0.47697010256230726,0.11619242548795396,True,True,anomaly
data\raw\mimii\pump\id_00\normal\00000015.wav,pump,id_00,normal,0.4617838139868336,0.1451548928195474,True,True,anomaly
data\raw\mimii\pump\id_00\normal\00000016.wav,pump,id_00,normal,0.4787852633497118,0.1175363129741816,True,True,anomaly
data\raw\mimii\pump\id_00\normal\00000017.wav,pump,id_00,normal,0.4652197931699961,0.10383065058513896,True,True,anomaly
data\raw\mimii\pump\id_00\normal\00000018.wav,pump,id_00,normal,0.5063971864288223,0.17441357362607604,True,True,anomaly
data\raw\mimii\pump\id_00\normal\00000019.wav,pump,id_00,normal,0.4144435460536953,0.08313216402492635,True,True,anomaly
data\raw\mimii\pump\id_00\normal\00000020.wav,pump,id_00,normal,0.46350156055009895,0.1454820511087643,True,True,anomaly
data\raw\mimii\pump\id_00\normal\00000021.wav,pump,id_00,normal,0.452810523266926,0.08874495115876173,True,True,anomaly
data\raw\mimii\pump\id_00\normal\00000022.wav,pump,id_00,normal,0.468654265042131,0.09563310279977218,True,True,anomaly
data\raw\mimii\pump\id_00\normal\00000023.wav,pump,id_00,normal,0.40884635226296523,0.1425381747087903,True,True,anomaly
data\raw\mimii\pump\id_00\normal\00000024.wav,pump,id_00,normal,0.3998758119790328,0.08229023461012752,True,True,anomaly
data\raw\mimii\pump\id_00\normal\00000025.wav,pump,id_00,normal,0.5081744603733503,0.14668223665697713,True,True,anomaly
data\raw\mimii\pump\id_00\normal\00000026.wav,pump,id_00,normal,0.40480010919380555,0.06236116699839458,True,False,anomaly
data\raw\mimii\pump\id_00\normal\00000027.wav,pump,id_00,normal,0.5218546967455925,0.16928485057729858,True,True,anomaly
data\raw\mimii\pump\id_00\normal\00000028.wav,pump,id_00,normal,0.408720255472268,0.06866510773487912,True,False,anomaly
data\raw\mimii\pump\id_00\normal\00000029.wav,pump,id_00,normal,0.48123756924759925,0.16314409342867253,True,True,anomaly
data\raw\mimii\pump\id_00\normal\00000030.wav,pump,id_00,normal,0.4051795418746827,0.0764996125445744,True,True,anomaly
data\raw\mimii\pump\id_00\normal\00000031.wav,pump,id_00,normal,0.46775123759077797,0.12472203318325446,True,True,anomaly
data\raw\mimii\pump\id_00\normal\00000032.wav,pump,id_00,normal,0.4849174305403967,0.1496223500241477,True,True,anomaly
data\raw\mimii\pump\id_00\normal\00000033.wav,pump,id_00,normal,0.4633364736536421,0.20112038746976169,True,True,anomaly
data\raw\mimii\pump\id_00\normal\00000034.wav,pump,id_00,normal,0.4888791036284293,0.22240045041316894,True,True,anomaly
data\raw\mimii\pump\id_00\normal\00000035.wav,pump,id_00,normal,0.39278172669417827,0.05774581912130141,False,False,normal
data\raw\mimii\pump\id_00\normal\00000036.wav,pump,id_00,normal,0.3948577754861933,0.06077285739058815,False,False,normal
data\raw\mimii\pump\id_00\normal\00000037.wav,pump,id_00,normal,0.4020585305713755,0.052524144974841,True,False,anomaly
data\raw\mimii\pump\id_00\normal\00000038.wav,pump,id_00,normal,0.46410341231097113,0.12427163636652667,True,True,anomaly
data\raw\mimii\pump\id_00\normal\00000039.wav,pump,id_00,normal,0.4650474795946999,0.10570693516188974,True,True,anomaly
data\raw\mimii\pump\id_00\normal\00000040.wav,pump,id_00,normal,0.41989923565328846,0.1877489558112497,True,True,anomaly
data\raw\mimii\pump\id_00\normal\00000041.wav,pump,id_00,normal,0.4728869936342006,0.1598144568991522,True,True,anomaly
data\raw\mimii\pump\id_00\normal\00000042.wav,pump,id_00,normal,0.4694023069521081,0.1271876975247068,True,True,anomaly
data\raw\mimii\pump\id_00\normal\00000043.wav,pump,id_00,normal,0.424691341096328,0.1184708685609907,True,True,anomaly
data\raw\mimii\pump\id_00\normal\00000044.wav,pump,id_00,normal,0.3993412181149177,0.05444093638637224,True,False,anomaly
data\raw\mimii\pump\id_00\normal\00000045.wav,pump,id_00,normal,0.4344537347175481,0.08101418110272586,True,True,anomaly
data\raw\mimii\pump\id_00\normal\00000046.wav,pump,id_00,normal,0.5189379776131757,0.33065064451054405,True,True,anomaly
data\raw\mimii\pump\id_00\normal\00000047.wav,pump,id_00,normal,0.5059692167550374,0.09061112417296587,True,True,anomaly
data\raw\mimii\pump\id_00\normal\00000048.wav,pump,id_00,normal,0.4774035212110359,0.09826667758179704,True,True,anomaly
data\raw\mimii\pump\id_00\normal\00000049.wav,pump,id_00,normal,0.5103565343681216,0.20075922989414519,True,True,anomaly
data\raw\mimii\pump\id_00\normal\00000050.wav,pump,id_00,normal,0.4156042260537389,0.10018847352680615,True,True,anomaly
data\raw\mimii\pump\id_00\normal\00000051.wav,pump,id_00,normal,0.47095341100203436,0.11352283350965076,True,True,anomaly
data\raw\mimii\pump\id_00\normal\00000052.wav,pump,id_00,normal,0.47881205588257164,0.08984873786899894,True,True,anomaly
data\raw\mimii\pump\id_00\normal\00000053.wav,pump,id_00,normal,0.4685665301802279,0.10453993245118438,True,True,anomaly
data\raw\mimii\pump\id_00\normal\00000054.wav,pump,id_00,normal,0.4135503838131918,0.11718778499550198,True,True,anomaly
data\raw\mimii\pump\id_00\normal\00000055.wav,pump,id_00,normal,0.3899955177530378,0.06762519673442773,False,False,normal
data\raw\mimii\pump\id_00\normal\00000056.wav,pump,id_00,normal,0.4282314651552017,0.06884684911962152,True,False,anomaly
data\raw\mimii\pump\id_00\normal\00000057.wav,pump,id_00,normal,0.4010767586321644,0.09358390085971036,True,True,anomaly
data\raw\mimii\pump\id_00\normal\00000058.wav,pump,id_00,normal,0.4583512388482303,0.0652236877749909,True,False,anomaly
data\raw\mimii\pump\id_00\normal\00000059.wav,pump,id_00,normal,0.5127468583456067,0.21254556571444935,True,True,anomaly
data\raw\mimii\pump\id_00\normal\00000060.wav,pump,id_00,normal,0.4085297715125498,0.06589624767893536,True,False,anomaly
data\raw\mimii\pump\id_00\normal\00000061.wav,pump,id_00,normal,0.4694403536815057,0.13924439767276353,True,True,anomaly
data\raw\mimii\pump\id_00\normal\00000062.wav,pump,id_00,normal,0.4174864330900789,0.061306070341267956,True,False,anomaly
data\raw\mimii\pump\id_00\normal\00000063.wav,pump,id_00,normal,0.3976832114976648,0.111559699292974,False,True,anomaly
data\raw\mimii\pump\id_00\normal\00000064.wav,pump,id_00,normal,0.4910965064193182,0.25777679367955525,True,True,anomaly
data\raw\mimii\pump\id_00\normal\00000065.wav,pump,id_00,normal,0.48821727919725216,0.17700414526578348,True,True,anomaly
data\raw\mimii\pump\id_00\normal\00000066.wav,pump,id_00,normal,0.4711317484724615,0.15686962290513465,True,True,anomaly
data\raw\mimii\pump\id_00\normal\00000067.wav,pump,id_00,normal,0.4530825698404651,0.1319848843432931,True,True,anomaly
data\raw\mimii\pump\id_00\normal\00000068.wav,pump,id_00,normal,0.4856396868050599,0.18967512481406903,True,True,anomaly
data\raw\mimii\pump\id_00\normal\00000069.wav,pump,id_00,normal,0.4804601627451561,0.11426654836425991,True,True,anomaly
data\raw\mimii\pump\id_00\normal\00000070.wav,pump,id_00,normal,0.47947033525959964,0.17983755637069854,True,True,anomaly
data\raw\mimii\pump\id_00\normal\00000071.wav,pump,id_00,normal,0.40898118305036274,0.08984859236985827,True,True,anomaly
data\raw\mimii\pump\id_00\normal\00000072.wav,pump,id_00,normal,0.4498022684598027,0.10207815916900603,True,True,anomaly
data\raw\mimii\pump\id_00\normal\00000073.wav,pump,id_00,normal,0.4019506707571672,0.06271008633962316,True,False,anomaly
data\raw\mimii\pump\id_00\normal\00000074.wav,pump,id_00,normal,0.44113884651996343,0.11302447559005356,True,True,anomaly
data\raw\mimii\pump\id_00\normal\00000075.wav,pump,id_00,normal,0.4931462424478084,0.09770887856239657,True,True,anomaly
data\raw\mimii\pump\id_00\normal\00000076.wav,pump,id_00,normal,0.45277990766639586,0.100062519971101,True,True,anomaly
data\raw\mimii\pump\id_00\normal\00000077.wav,pump,id_00,normal,0.3824662733267831,0.05986767151745829,False,False,normal
data\raw\mimii\pump\id_00\normal\00000078.wav,pump,id_00,normal,0.3980453464002214,0.066032080622252,True,False,anomaly
data\raw\mimii\pump\id_00\normal\00000079.wav,pump,id_00,normal,0.4574226316071269,0.12349543581743383,True,True,anomaly
data\raw\mimii\pump\id_00\normal\00000080.wav,pump,id_00,normal,0.38921680965929123,0.06758259739452083,False,False,normal
data\raw\mimii\pump\id_00\normal\00000081.wav,pump,id_00,normal,0.3981759469160758,0.058297966327697175,True,False,anomaly
data\raw\mimii\pump\id_00\normal\00000082.wav,pump,id_00,normal,0.449856411430809,0.12828798456787957,True,True,anomaly
data\raw\mimii\pump\id_00\normal\00000083.wav,pump,id_00,normal,0.4240876965163583,0.0719858287752455,True,False,anomaly
data\raw\mimii\pump\id_00\normal\00000084.wav,pump,id_00,normal,0.43654169906495377,0.1152561593403698,True,True,anomaly
data\raw\mimii\pump\id_00\normal\00000085.wav,pump,id_00,normal,0.4966896238561507,0.161073135043967,True,True,anomaly
data\raw\mimii\pump\id_00\normal\00000086.wav,pump,id_00,normal,0.4004946290967382,0.08801805302539463,True,True,anomaly
data\raw\mimii\pump\id_00\normal\00000087.wav,pump,id_00,normal,0.4523791097843814,0.14619173247548142,True,True,anomaly
data\raw\mimii\pump\id_00\normal\00000088.wav,pump,id_00,normal,0.44401063265968516,0.13411548322156816,True,True,anomaly
data\raw\mimii\pump\id_00\normal\00000089.wav,pump,id_00,normal,0.4584530310512125,0.08286412149265193,True,True,anomaly
data\raw\mimii\pump\id_00\normal\00000090.wav,pump,id_00,normal,0.4876066690156022,0.1858941770745185,True,True,anomaly
data\raw\mimii\pump\id_00\normal\00000091.wav,pump,id_00,normal,0.401176338145697,0.09373569427131562,True,True,anomaly
data\raw\mimii\pump\id_00\normal\00000092.wav,pump,id_00,normal,0.4868318871916369,0.08731780009824215,True,True,anomaly
data\raw\mimii\pump\id_00\normal\00000093.wav,pump,id_00,normal,0.4016414680246146,0.06232561401991165,True,False,anomaly
data\raw\mimii\pump\id_00\normal\00000094.wav,pump,id_00,normal,0.4621537445607468,0.10147210606736523,True,True,anomaly
data\raw\mimii\pump\id_00\normal\00000095.wav,pump,id_00,normal,0.45231694512038084,0.18841409965267597,True,True,anomaly
data\raw\mimii\pump\id_00\normal\00000096.wav,pump,id_00,normal,0.45806836571145365,0.08875756669475131,True,True,anomaly
data\raw\mimii\pump\id_00\normal\00000097.wav,pump,id_00,normal,0.38962260173751617,0.06904212419317603,False,False,normal
data\raw\mimii\pump\id_00\normal\00000098.wav,pump,id_00,normal,0.4018831570321521,0.07288905524387419,True,False,anomaly
data\raw\mimii\pump\id_00\normal\00000099.wav,pump,id_00,normal,0.4317407489052775,0.09207401790753493,True,True,anomaly
data\raw\mimii\pump\id_00\normal\00000100.wav,pump,id_00,normal,0.39012551664429934,0.07829857233744696,False,True,anomaly
data\raw\mimii\pump\id_00\normal\00000101.wav,pump,id_00,normal,0.44827470358830485,0.08969742214548977,True,True,anomaly
data\raw\mimii\pump\id_00\normal\00000102.wav,pump,id_00,normal,0.4709745107111041,0.09526655387426686,True,True,anomaly
data\raw\mimii\pump\id_00\normal\00000103.wav,pump,id_00,normal,0.4108503870428642,0.101887019829956,True,True,anomaly
data\raw\mimii\pump\id_00\normal\00000104.wav,pump,id_00,normal,0.39575785251270595,0.11920286669117114,False,True,anomaly
data\raw\mimii\pump\id_00\normal\00000105.wav,pump,id_00,normal,0.472949523580853,0.16499621414442925,True,True,anomaly
data\raw\mimii\pump\id_00\normal\00000106.wav,pump,id_00,normal,0.4654246647911078,0.127451136560078,True,True,anomaly
data\raw\mimii\pump\id_00\normal\00000107.wav,pump,id_00,normal,0.47048113042612155,0.10978947582064862,True,True,anomaly
data\raw\mimii\pump\id_00\normal\00000108.wav,pump,id_00,normal,0.4695973558334389,0.23549110228542647,True,True,anomaly
data\raw\mimii\pump\id_00\normal\00000109.wav,pump,id_00,normal,0.43726519532532876,0.09393131718187908,True,True,anomaly
data\raw\mimii\pump\id_00\normal\00000110.wav,pump,id_00,normal,0.3914649458171689,0.058332951750032974,False,False,normal
data\raw\mimii\pump\id_00\normal\00000111.wav,pump,id_00,normal,0.4484771971535014,0.1517088964378092,True,True,anomaly
data\raw\mimii\pump\id_00\normal\00000112.wav,pump,id_00,normal,0.476211643639596,0.13274179864620705,True,True,anomaly
data\raw\mimii\pump\id_00\normal\00000113.wav,pump,id_00,normal,0.4058292688596045,0.06810237793527422,True,False,anomaly
data\raw\mimii\pump\id_00\normal\00000114.wav,pump,id_00,normal,0.4015810098009851,0.085394238758837,True,True,anomaly
data\raw\mimii\pump\id_00\normal\00000115.wav,pump,id_00,normal,0.43468660655867636,0.11932101653701117,True,True,anomaly
data\raw\mimii\pump\id_00\normal\00000116.wav,pump,id_00,normal,0.5008743090888751,0.12961859888086572,True,True,anomaly
data\raw\mimii\pump\id_00\normal\00000117.wav,pump,id_00,normal,0.4425674741756665,0.10671730875346107,True,True,anomaly
data\raw\mimii\pump\id_00\normal\00000118.wav,pump,id_00,normal,0.4815752012503531,0.07958121232921805,True,True,anomaly
data\raw\mimii\pump\id_00\normal\00000119.wav,pump,id_00,normal,0.3911480261015623,0.048299884330850716,False,False,normal
data\raw\mimii\pump\id_00\normal\00000120.wav,pump,id_00,normal,0.41207970739298694,0.0559238687862757,True,False,anomaly
data\raw\mimii\pump\id_00\normal\00000121.wav,pump,id_00,normal,0.4204669159307867,0.11177118697747146,True,True,anomaly
data\raw\mimii\pump\id_00\normal\00000122.wav,pump,id_00,normal,0.46552103484195745,0.1107593762245117,True,True,anomaly
data\raw\mimii\pump\id_00\normal\00000123.wav,pump,id_00,normal,0.39349130053729925,0.040458701082732716,False,False,normal
data\raw\mimii\pump\id_00\normal\00000124.wav,pump,id_00,normal,0.38360406639764594,0.05260709737142755,False,False,normal
data\raw\mimii\pump\id_00\normal\00000125.wav,pump,id_00,normal,0.4233090559640291,0.1081242065999005,True,True,anomaly
data\raw\mimii\pump\id_00\normal\00000126.wav,pump,id_00,normal,0.45895203400773643,0.13982737721543545,True,True,anomaly
data\raw\mimii\pump\id_00\normal\00000127.wav,pump,id_00,normal,0.3836473572150387,0.07203305060497217,False,False,normal
data\raw\mimii\pump\id_00\normal\00000128.wav,pump,id_00,normal,0.44116227509485495,0.13801485692209034,True,True,anomaly
data\raw\mimii\pump\id_00\normal\00000129.wav,pump,id_00,normal,0.3973079306342325,0.05832544353512852,False,False,normal
data\raw\mimii\pump\id_00\normal\00000130.wav,pump,id_00,normal,0.3862806065931886,0.07497908703032725,False,True,anomaly
data\raw\mimii\pump\id_00\normal\00000131.wav,pump,id_00,normal,0.4511301520903476,0.10197065753194472,True,True,anomaly
data\raw\mimii\pump\id_00\normal\00000132.wav,pump,id_00,normal,0.46558031450717846,0.11616499108484331,True,True,anomaly
data\raw\mimii\pump\id_00\normal\00000133.wav,pump,id_00,normal,0.45788958402985874,0.16200122590875332,True,True,anomaly
data\raw\mimii\pump\id_00\normal\00000134.wav,pump,id_00,normal,0.41323169668455284,0.07630921287090091,True,True,anomaly
data\raw\mimii\pump\id_00\normal\00000135.wav,pump,id_00,normal,0.48308511462004566,0.1511426081135918,True,True,anomaly
data\raw\mimii\pump\id_00\normal\00000136.wav,pump,id_00,normal,0.42141910794333864,0.09286681835189743,True,True,anomaly
data\raw\mimii\pump\id_00\normal\00000137.wav,pump,id_00,normal,0.4217804188266588,0.08873271467153747,True,True,anomaly
data\raw\mimii\pump\id_00\normal\00000138.wav,pump,id_00,normal,0.4497178360385043,0.08052230044494492,True,True,anomaly
data\raw\mimii\pump\id_00\normal\00000139.wav,pump,id_00,normal,0.4772381443107112,0.08129902430160653,True,True,anomaly
data\raw\mimii\pump\id_00\normal\00000140.wav,pump,id_00,normal,0.460715106897013,0.1227078812143106,True,True,anomaly
data\raw\mimii\pump\id_00\normal\00000141.wav,pump,id_00,normal,0.46834619998085364,0.11703277617515,True,True,anomaly
data\raw\mimii\pump\id_00\normal\00000142.wav,pump,id_00,normal,0.5200389183909656,0.2393905987845235,True,True,anomaly
data\raw\mimii\pump\id_00\normal\00000143.wav,pump,id_00,normal,0.4684873638264033,0.20555788315477855,True,True,anomaly
data\raw\mimii\pump\id_04\abnormal\00000000.wav,pump,id_04,anomaly,0.39944397908691087,0.12356668945532438,True,True,anomaly
data\raw\mimii\pump\id_04\abnormal\00000001.wav,pump,id_04,anomaly,0.48195754898963195,0.15776025851349143,True,True,anomaly
data\raw\mimii\pump\id_04\abnormal\00000002.wav,pump,id_04,anomaly,0.41869928630658376,0.4271229370861091,True,True,anomaly
data\raw\mimii\pump\id_04\abnormal\00000003.wav,pump,id_04,anomaly,0.5010170934926531,0.3287634865555548,True,True,anomaly
data\raw\mimii\pump\id_04\abnormal\00000004.wav,pump,id_04,anomaly,0.48314308615066087,0.5925580297741946,True,True,anomaly
data\raw\mimii\pump\id_04\abnormal\00000005.wav,pump,id_04,anomaly,0.40535104416971085,0.13778226863453047,True,True,anomaly
data\raw\mimii\pump\id_04\abnormal\00000006.wav,pump,id_04,anomaly,0.4938892803481913,0.7464472484319935,True,True,anomaly
data\raw\mimii\pump\id_04\abnormal\00000007.wav,pump,id_04,anomaly,0.4401944081014015,0.21222368056803528,True,True,anomaly
data\raw\mimii\pump\id_04\abnormal\00000008.wav,pump,id_04,anomaly,0.479042845546321,0.51562366098209,True,True,anomaly
data\raw\mimii\pump\id_04\abnormal\00000009.wav,pump,id_04,anomaly,0.45228697735325435,0.497591305560435,True,True,anomaly
data\raw\mimii\pump\id_04\abnormal\00000010.wav,pump,id_04,anomaly,0.50564762634788,0.7952473495826077,True,True,anomaly
data\raw\mimii\pump\id_04\abnormal\00000011.wav,pump,id_04,anomaly,0.4157592535043216,0.1718236671427895,True,True,anomaly
data\raw\mimii\pump\id_04\abnormal\00000012.wav,pump,id_04,anomaly,0.4908445237973816,0.8180393983211774,True,True,anomaly
data\raw\mimii\pump\id_04\abnormal\00000013.wav,pump,id_04,anomaly,0.41265090300038293,0.19680234427795754,True,True,anomaly
data\raw\mimii\pump\id_04\abnormal\00000014.wav,pump,id_04,anomaly,0.42362932749037724,0.3358132844430964,True,True,anomaly
data\raw\mimii\pump\id_04\abnormal\00000015.wav,pump,id_04,anomaly,0.42576207746136935,0.25603154058879624,True,True,anomaly
data\raw\mimii\pump\id_04\abnormal\00000016.wav,pump,id_04,anomaly,0.4637360216620729,0.46708495912783804,True,True,anomaly
data\raw\mimii\pump\id_04\abnormal\00000017.wav,pump,id_04,anomaly,0.42133799057874893,0.1768382010769036,True,True,anomaly
data\raw\mimii\pump\id_04\abnormal\00000018.wav,pump,id_04,anomaly,0.501266331954719,1.361116859103226,True,True,anomaly
data\raw\mimii\pump\id_04\abnormal\00000019.wav,pump,id_04,anomaly,0.5951547336156816,1.8135834615378623,True,True,anomaly
data\raw\mimii\pump\id_04\abnormal\00000020.wav,pump,id_04,anomaly,0.5854495925658197,4.429596921565132,True,True,anomaly
data\raw\mimii\pump\id_04\abnormal\00000021.wav,pump,id_04,anomaly,0.40790165189450417,0.2531858665364481,True,True,anomaly
data\raw\mimii\pump\id_04\abnormal\00000022.wav,pump,id_04,anomaly,0.5046492407444548,0.8664218030715358,True,True,anomaly
data\raw\mimii\pump\id_04\abnormal\00000023.wav,pump,id_04,anomaly,0.4496733611853603,0.204530518911088,True,True,anomaly
data\raw\mimii\pump\id_04\abnormal\00000024.wav,pump,id_04,anomaly,0.47277008896419526,1.333822052749432,True,True,anomaly
data\raw\mimii\pump\id_04\abnormal\00000025.wav,pump,id_04,anomaly,0.45216392530044525,0.13874176002743085,True,True,anomaly
data\raw\mimii\pump\id_04\abnormal\00000026.wav,pump,id_04,anomaly,0.5155198653776615,1.0557703947386077,True,True,anomaly
data\raw\mimii\pump\id_04\abnormal\00000027.wav,pump,id_04,anomaly,0.43780826288643954,0.19208830979114086,True,True,anomaly
data\raw\mimii\pump\id_04\abnormal\00000028.wav,pump,id_04,anomaly,0.4480354912261877,0.28982615624333286,True,True,anomaly
data\raw\mimii\pump\id_04\abnormal\00000029.wav,pump,id_04,anomaly,0.41054038805249876,0.23140264782774164,True,True,anomaly
data\raw\mimii\pump\id_04\abnormal\00000030.wav,pump,id_04,anomaly,0.42699967217057483,0.19540129221656208,True,True,anomaly
data\raw\mimii\pump\id_04\abnormal\00000031.wav,pump,id_04,anomaly,0.40934495958842465,0.12176599088379708,True,True,anomaly
data\raw\mimii\pump\id_04\abnormal\00000032.wav,pump,id_04,anomaly,0.4174592492272093,0.24094394479984252,True,True,anomaly
data\raw\mimii\pump\id_04\abnormal\00000033.wav,pump,id_04,anomaly,0.463574710217755,0.23746748821904273,True,True,anomaly
data\raw\mimii\pump\id_04\abnormal\00000034.wav,pump,id_04,anomaly,0.4398235334590219,0.30160260908995934,True,True,anomaly
data\raw\mimii\pump\id_04\abnormal\00000035.wav,pump,id_04,anomaly,0.47775245225944724,0.1434384981707316,True,True,anomaly
data\raw\mimii\pump\id_04\abnormal\00000036.wav,pump,id_04,anomaly,0.4504427663425332,0.2782263594707012,True,True,anomaly
data\raw\mimii\pump\id_04\abnormal\00000037.wav,pump,id_04,anomaly,0.4880285848002703,0.1776709051674719,True,True,anomaly
data\raw\mimii\pump\id_04\abnormal\00000038.wav,pump,id_04,anomaly,0.42281482512386753,0.2665295916985012,True,True,anomaly
data\raw\mimii\pump\id_04\abnormal\00000039.wav,pump,id_04,anomaly,0.4038100026830213,0.0972101339579456,True,True,anomaly
data\raw\mimii\pump\id_04\abnormal\00000040.wav,pump,id_04,anomaly,0.42727426864996493,0.2657271815842929,True,True,anomaly
data\raw\mimii\pump\id_04\abnormal\00000041.wav,pump,id_04,anomaly,0.42515703884399464,0.31286489044464644,True,True,anomaly
data\raw\mimii\pump\id_04\abnormal\00000042.wav,pump,id_04,anomaly,0.4201190320117984,0.19411955786223786,True,True,anomaly
data\raw\mimii\pump\id_04\abnormal\00000043.wav,pump,id_04,anomaly,0.42946763457072806,0.1552143697708462,True,True,anomaly
data\raw\mimii\pump\id_04\abnormal\00000044.wav,pump,id_04,anomaly,0.4638656799794943,0.31022344380027983,True,True,anomaly
data\raw\mimii\pump\id_04\abnormal\00000045.wav,pump,id_04,anomaly,0.46584630491811146,0.32913920355963205,True,True,anomaly
data\raw\mimii\pump\id_04\abnormal\00000046.wav,pump,id_04,anomaly,0.4247962570909036,0.3670917969993272,True,True,anomaly
data\raw\mimii\pump\id_04\abnormal\00000047.wav,pump,id_04,anomaly,0.4645189557250098,0.2520654554188753,True,True,anomaly
data\raw\mimii\pump\id_04\abnormal\00000048.wav,pump,id_04,anomaly,0.46807112714723126,0.5707368701612096,True,True,anomaly
data\raw\mimii\pump\id_04\abnormal\00000049.wav,pump,id_04,anomaly,0.46698433943774803,0.28900274568263185,True,True,anomaly
data\raw\mimii\pump\id_04\abnormal\00000050.wav,pump,id_04,anomaly,0.46400848253421884,0.43228289094457123,True,True,anomaly
data\raw\mimii\pump\id_04\abnormal\00000051.wav,pump,id_04,anomaly,0.44711485875089224,0.2759745177366628,True,True,anomaly
data\raw\mimii\pump\id_04\abnormal\00000052.wav,pump,id_04,anomaly,0.5358393487487726,0.37526660054269145,True,True,anomaly
data\raw\mimii\pump\id_04\abnormal\00000053.wav,pump,id_04,anomaly,0.3988106877602779,0.11150383416060013,True,True,anomaly
data\raw\mimii\pump\id_04\abnormal\00000054.wav,pump,id_04,anomaly,0.4519946646270185,0.3483857014398792,True,True,anomaly
data\raw\mimii\pump\id_04\abnormal\00000055.wav,pump,id_04,anomaly,0.3995539096519088,0.10099021683937491,True,True,anomaly
data\raw\mimii\pump\id_04\abnormal\00000056.wav,pump,id_04,anomaly,0.44990976993040016,0.43062520703700685,True,True,anomaly
data\raw\mimii\pump\id_04\abnormal\00000057.wav,pump,id_04,anomaly,0.4710881688216891,0.2009860346437313,True,True,anomaly
data\raw\mimii\pump\id_04\abnormal\00000058.wav,pump,id_04,anomaly,0.4912237376954553,0.506272224698367,True,True,anomaly
data\raw\mimii\pump\id_04\abnormal\00000059.wav,pump,id_04,anomaly,0.40877297464039514,0.1672087746425324,True,True,anomaly
data\raw\mimii\pump\id_04\abnormal\00000060.wav,pump,id_04,anomaly,0.45548020927355637,0.39842833583152953,True,True,anomaly
data\raw\mimii\pump\id_04\abnormal\00000061.wav,pump,id_04,anomaly,0.38828668399842986,0.10464474582785153,False,True,anomaly
data\raw\mimii\pump\id_04\abnormal\00000062.wav,pump,id_04,anomaly,0.45587435391102665,0.42397709566017205,True,True,anomaly
data\raw\mimii\pump\id_04\abnormal\00000063.wav,pump,id_04,anomaly,0.4662984256939075,0.4451186899456221,True,True,anomaly
data\raw\mimii\pump\id_04\abnormal\00000064.wav,pump,id_04,anomaly,0.4879575314081012,0.4838906264985459,True,True,anomaly
data\raw\mimii\pump\id_04\abnormal\00000065.wav,pump,id_04,anomaly,0.3968268337907519,0.12811730421452316,False,True,anomaly
data\raw\mimii\pump\id_04\abnormal\00000066.wav,pump,id_04,anomaly,0.4810803395417953,0.5790641479731699,True,True,anomaly
data\raw\mimii\pump\id_04\abnormal\00000067.wav,pump,id_04,anomaly,0.44415293315314686,0.21778494944343665,True,True,anomaly
data\raw\mimii\pump\id_04\abnormal\00000068.wav,pump,id_04,anomaly,0.43310447315220424,0.21148203582351366,True,True,anomaly
data\raw\mimii\pump\id_04\abnormal\00000069.wav,pump,id_04,anomaly,0.40478381871572533,0.11534775645325483,True,True,anomaly
data\raw\mimii\pump\id_04\abnormal\00000070.wav,pump,id_04,anomaly,0.42040583629417055,0.14466971605013532,True,True,anomaly
data\raw\mimii\pump\id_04\abnormal\00000071.wav,pump,id_04,anomaly,0.4426016089922527,0.33049203796131094,True,True,anomaly
data\raw\mimii\pump\id_04\abnormal\00000072.wav,pump,id_04,anomaly,0.4308641699427449,0.1659034798469997,True,True,anomaly
data\raw\mimii\pump\id_04\abnormal\00000073.wav,pump,id_04,anomaly,0.44740179618105325,0.24053708188817516,True,True,anomaly
data\raw\mimii\pump\id_04\abnormal\00000074.wav,pump,id_04,anomaly,0.47003563012170463,0.2656841691998659,True,True,anomaly
data\raw\mimii\pump\id_04\abnormal\00000075.wav,pump,id_04,anomaly,0.4070111830910597,0.25310343879276553,True,True,anomaly
data\raw\mimii\pump\id_04\abnormal\00000076.wav,pump,id_04,anomaly,0.4417550439560782,0.123331955875837,True,True,anomaly
data\raw\mimii\pump\id_04\abnormal\00000077.wav,pump,id_04,anomaly,0.5077099953602019,0.23448342065093788,True,True,anomaly
data\raw\mimii\pump\id_04\abnormal\00000078.wav,pump,id_04,anomaly,0.43779595285813455,0.18878698826608664,True,True,anomaly
data\raw\mimii\pump\id_04\abnormal\00000079.wav,pump,id_04,anomaly,0.41477397081094997,0.2378230023915797,True,True,anomaly
data\raw\mimii\pump\id_04\abnormal\00000080.wav,pump,id_04,anomaly,0.44677777805989777,0.14941907549658998,True,True,anomaly
data\raw\mimii\pump\id_04\abnormal\00000081.wav,pump,id_04,anomaly,0.4061785834042193,0.12058984531466195,True,True,anomaly
data\raw\mimii\pump\id_04\abnormal\00000082.wav,pump,id_04,anomaly,0.44750464001652385,0.24124465038455167,True,True,anomaly
data\raw\mimii\pump\id_04\abnormal\00000083.wav,pump,id_04,anomaly,0.4152804489218795,0.11926775817130629,True,True,anomaly
data\raw\mimii\pump\id_04\abnormal\00000084.wav,pump,id_04,anomaly,0.4452552284902111,0.1629614483709946,True,True,anomaly
data\raw\mimii\pump\id_04\abnormal\00000085.wav,pump,id_04,anomaly,0.40517876692972105,0.14608143279064364,True,True,anomaly
data\raw\mimii\pump\id_04\abnormal\00000086.wav,pump,id_04,anomaly,0.42437726347165644,0.17010235617067823,True,True,anomaly
data\raw\mimii\pump\id_04\abnormal\00000087.wav,pump,id_04,anomaly,0.40695059566825603,0.12043716242635234,True,True,anomaly
data\raw\mimii\pump\id_04\abnormal\00000088.wav,pump,id_04,anomaly,0.40502459271226926,0.1557007415525721,True,True,anomaly
data\raw\mimii\pump\id_04\abnormal\00000089.wav,pump,id_04,anomaly,0.49877110555960846,0.316863869974509,True,True,anomaly
data\raw\mimii\pump\id_04\abnormal\00000090.wav,pump,id_04,anomaly,0.4515901624503444,0.266542758021981,True,True,anomaly
data\raw\mimii\pump\id_04\abnormal\00000091.wav,pump,id_04,anomaly,0.5112569896030156,0.18126141498189377,True,True,anomaly
data\raw\mimii\pump\id_04\abnormal\00000092.wav,pump,id_04,anomaly,0.40455578655410157,0.10207342953981403,True,True,anomaly
data\raw\mimii\pump\id_04\abnormal\00000093.wav,pump,id_04,anomaly,0.4506022444574884,0.25280310496275415,True,True,anomaly
data\raw\mimii\pump\id_04\abnormal\00000094.wav,pump,id_04,anomaly,0.40471932602992805,0.1984025335041241,True,True,anomaly
data\raw\mimii\pump\id_04\abnormal\00000095.wav,pump,id_04,anomaly,0.39582192497707597,0.13978553509145153,False,True,anomaly
data\raw\mimii\pump\id_04\abnormal\00000096.wav,pump,id_04,anomaly,0.44054290782924826,0.25508792490284277,True,True,anomaly
data\raw\mimii\pump\id_04\abnormal\00000097.wav,pump,id_04,anomaly,0.45401195726939686,0.4136620246327161,True,True,anomaly
data\raw\mimii\pump\id_04\abnormal\00000098.wav,pump,id_04,anomaly,0.48204926285989486,0.45145477289237773,True,True,anomaly
data\raw\mimii\pump\id_04\abnormal\00000099.wav,pump,id_04,anomaly,0.49119641765634353,0.5454251832974132,True,True,anomaly
data\raw\mimii\pump\id_04\normal\00000000.wav,pump,id_04,normal,0.386890198647716,0.08161352793333061,False,True,anomaly
data\raw\mimii\pump\id_04\normal\00000001.wav,pump,id_04,normal,0.4782163952643686,0.2080153694952153,True,True,anomaly
data\raw\mimii\pump\id_04\normal\00000002.wav,pump,id_04,normal,0.4657877719093082,0.26553870276315483,True,True,anomaly
data\raw\mimii\pump\id_04\normal\00000003.wav,pump,id_04,normal,0.4496755568466464,0.05758342475126543,True,False,anomaly
data\raw\mimii\pump\id_04\normal\00000004.wav,pump,id_04,normal,0.4421042329915567,0.08696462032842817,True,True,anomaly
data\raw\mimii\pump\id_04\normal\00000005.wav,pump,id_04,normal,0.43310088350085535,0.07738564140962632,True,True,anomaly
data\raw\mimii\pump\id_04\normal\00000006.wav,pump,id_04,normal,0.5006246789438952,0.3159259464866433,True,True,anomaly
data\raw\mimii\pump\id_04\normal\00000007.wav,pump,id_04,normal,0.4795621179322243,0.24827180858413664,True,True,anomaly
data\raw\mimii\pump\id_04\normal\00000008.wav,pump,id_04,normal,0.49261381858250153,0.1222172905140289,True,True,anomaly
data\raw\mimii\pump\id_04\normal\00000009.wav,pump,id_04,normal,0.48141388570327925,0.1824889150351758,True,True,anomaly
data\raw\mimii\pump\id_04\normal\00000010.wav,pump,id_04,normal,0.3943843142707915,0.09304369366037292,False,True,anomaly
data\raw\mimii\pump\id_04\normal\00000011.wav,pump,id_04,normal,0.441914868430856,0.1191558915500226,True,True,anomaly
data\raw\mimii\pump\id_04\normal\00000012.wav,pump,id_04,normal,0.42507894389093986,0.08546912043081199,True,True,anomaly
data\raw\mimii\pump\id_04\normal\00000013.wav,pump,id_04,normal,0.44173980065521,0.08546921093981781,True,True,anomaly
data\raw\mimii\pump\id_04\normal\00000014.wav,pump,id_04,normal,0.4441321486530381,0.08208980041429366,True,True,anomaly
data\raw\mimii\pump\id_04\normal\00000015.wav,pump,id_04,normal,0.47319441585157135,0.1653363393849029,True,True,anomaly
data\raw\mimii\pump\id_04\normal\00000016.wav,pump,id_04,normal,0.43753314460967235,0.08525989179824668,True,True,anomaly
data\raw\mimii\pump\id_04\normal\00000017.wav,pump,id_04,normal,0.4408834551324123,0.1107171886734537,True,True,anomaly
data\raw\mimii\pump\id_04\normal\00000018.wav,pump,id_04,normal,0.43438351187193947,0.24880837244857137,True,True,anomaly
data\raw\mimii\pump\id_04\normal\00000019.wav,pump,id_04,normal,0.44027602705679825,0.0742581438120193,True,False,anomaly
data\raw\mimii\pump\id_04\normal\00000020.wav,pump,id_04,normal,0.47087232816599606,0.20925700055876928,True,True,anomaly
data\raw\mimii\pump\id_04\normal\00000021.wav,pump,id_04,normal,0.4542467166868103,0.12899594350022917,True,True,anomaly
data\raw\mimii\pump\id_04\normal\00000022.wav,pump,id_04,normal,0.4447985110217008,0.15482724392801447,True,True,anomaly
data\raw\mimii\pump\id_04\normal\00000023.wav,pump,id_04,normal,0.4693058554017515,0.12724613309551017,True,True,anomaly
data\raw\mimii\pump\id_04\normal\00000024.wav,pump,id_04,normal,0.43684780064572487,0.13998439021787604,True,True,anomaly
data\raw\mimii\pump\id_04\normal\00000025.wav,pump,id_04,normal,0.4685579399044935,0.14550945653492234,True,True,anomaly
data\raw\mimii\pump\id_04\normal\00000026.wav,pump,id_04,normal,0.4068657273593703,0.07544979793352107,True,True,anomaly
data\raw\mimii\pump\id_04\normal\00000027.wav,pump,id_04,normal,0.46232843010191865,0.3120249884647159,True,True,anomaly
data\raw\mimii\pump\id_04\normal\00000028.wav,pump,id_04,normal,0.3988238531046769,0.06621815093941812,True,False,anomaly
data\raw\mimii\pump\id_04\normal\00000029.wav,pump,id_04,normal,0.44369302861865084,0.12376731373075545,True,True,anomaly
data\raw\mimii\pump\id_04\normal\00000030.wav,pump,id_04,normal,0.3982905688509542,0.05570391118127401,True,False,anomaly
data\raw\mimii\pump\id_04\normal\00000031.wav,pump,id_04,normal,0.4045469499497032,0.07296402334548935,True,False,anomaly
data\raw\mimii\pump\id_04\normal\00000032.wav,pump,id_04,normal,0.4022040599875663,0.06877752202971665,True,False,anomaly
data\raw\mimii\pump\id_04\normal\00000033.wav,pump,id_04,normal,0.4123747377413238,0.04831007324723069,True,False,anomaly
data\raw\mimii\pump\id_04\normal\00000034.wav,pump,id_04,normal,0.42531965326669224,0.25773306005914076,True,True,anomaly
data\raw\mimii\pump\id_04\normal\00000035.wav,pump,id_04,normal,0.4118018928425475,0.10958400132860728,True,True,anomaly
data\raw\mimii\pump\id_04\normal\00000036.wav,pump,id_04,normal,0.39692781495006385,0.07295063334041012,False,False,normal
data\raw\mimii\pump\id_04\normal\00000037.wav,pump,id_04,normal,0.43905519098891044,0.09795710340603316,True,True,anomaly
data\raw\mimii\pump\id_04\normal\00000038.wav,pump,id_04,normal,0.3909277991978892,0.06366563138948336,False,False,normal
data\raw\mimii\pump\id_04\normal\00000039.wav,pump,id_04,normal,0.41514227205329157,0.10748240666982196,True,True,anomaly
data\raw\mimii\pump\id_04\normal\00000040.wav,pump,id_04,normal,0.40197164482939507,0.10092715099346139,True,True,anomaly
data\raw\mimii\pump\id_04\normal\00000041.wav,pump,id_04,normal,0.40516887096448223,0.08396300955480247,True,True,anomaly
data\raw\mimii\pump\id_04\normal\00000042.wav,pump,id_04,normal,0.42121534481408024,0.12495606869623598,True,True,anomaly
data\raw\mimii\pump\id_04\normal\00000043.wav,pump,id_04,normal,0.46963739197851023,0.09925335229774519,True,True,anomaly
data\raw\mimii\pump\id_04\normal\00000044.wav,pump,id_04,normal,0.39263733897911696,0.13061579489905306,False,True,anomaly
data\raw\mimii\pump\id_04\normal\00000045.wav,pump,id_04,normal,0.4093545199431816,0.07536149079870057,True,True,anomaly
data\raw\mimii\pump\id_04\normal\00000046.wav,pump,id_04,normal,0.42518691144822923,0.07510580423000547,True,True,anomaly
data\raw\mimii\pump\id_04\normal\00000047.wav,pump,id_04,normal,0.4098500711930914,0.055960837106116455,True,False,anomaly
data\raw\mimii\pump\id_04\normal\00000048.wav,pump,id_04,normal,0.4275179928016164,0.05861677247870356,True,False,anomaly
data\raw\mimii\pump\id_04\normal\00000049.wav,pump,id_04,normal,0.44421151789856633,0.07511979194472677,True,True,anomaly
data\raw\mimii\pump\id_04\normal\00000050.wav,pump,id_04,normal,0.40919017133875246,0.0689489846899286,True,False,anomaly
data\raw\mimii\pump\id_04\normal\00000051.wav,pump,id_04,normal,0.40982856375119847,0.10810513243104942,True,True,anomaly
data\raw\mimii\pump\id_04\normal\00000052.wav,pump,id_04,normal,0.4145862566629736,0.16331887511982,True,True,anomaly
data\raw\mimii\pump\id_04\normal\00000053.wav,pump,id_04,normal,0.47000198850765096,0.11488798955042895,True,True,anomaly
data\raw\mimii\pump\id_04\normal\00000054.wav,pump,id_04,normal,0.42714671350848094,0.10308929551729172,True,True,anomaly
data\raw\mimii\pump\id_04\normal\00000055.wav,pump,id_04,normal,0.4550446833115125,0.17324605495174042,True,True,anomaly
data\raw\mimii\pump\id_04\normal\00000056.wav,pump,id_04,normal,0.41081129167887487,0.06301937359156927,True,False,anomaly
data\raw\mimii\pump\id_04\normal\00000057.wav,pump,id_04,normal,0.46837257848258923,0.15268696893763287,True,True,anomaly
data\raw\mimii\pump\id_04\normal\00000058.wav,pump,id_04,normal,0.4521160228090444,0.18105043214086872,True,True,anomaly
data\raw\mimii\pump\id_04\normal\00000059.wav,pump,id_04,normal,0.3990447538655513,0.06268519821156988,True,False,anomaly
data\raw\mimii\pump\id_04\normal\00000060.wav,pump,id_04,normal,0.43489144636780824,0.3684312033787523,True,True,anomaly
data\raw\mimii\pump\id_04\normal\00000061.wav,pump,id_04,normal,0.4117513743569954,0.10739453240265788,True,True,anomaly
data\raw\mimii\pump\id_04\normal\00000062.wav,pump,id_04,normal,0.43309507920240714,0.16155297322378784,True,True,anomaly
data\raw\mimii\pump\id_04\normal\00000063.wav,pump,id_04,normal,0.4057884824587747,0.11917127008127176,True,True,anomaly
data\raw\mimii\pump\id_04\normal\00000064.wav,pump,id_04,normal,0.5531950077437755,0.8133647198866507,True,True,anomaly
data\raw\mimii\pump\id_04\normal\00000065.wav,pump,id_04,normal,0.40065003821109785,0.09113953869832943,True,True,anomaly
data\raw\mimii\pump\id_04\normal\00000066.wav,pump,id_04,normal,0.3983222398483705,0.0766070069840014,True,True,anomaly
data\raw\mimii\pump\id_04\normal\00000067.wav,pump,id_04,normal,0.45980804326521135,0.2057117844931214,True,True,anomaly
data\raw\mimii\pump\id_04\normal\00000068.wav,pump,id_04,normal,0.3915142238582719,0.05339700457025342,False,False,normal
data\raw\mimii\pump\id_04\normal\00000069.wav,pump,id_04,normal,0.4087649435864697,0.09546105770523532,True,True,anomaly
data\raw\mimii\pump\id_04\normal\00000070.wav,pump,id_04,normal,0.4511038877787495,0.12474693801292235,True,True,anomaly
data\raw\mimii\pump\id_04\normal\00000071.wav,pump,id_04,normal,0.43661867424698203,0.14299623070600348,True,True,anomaly
data\raw\mimii\pump\id_04\normal\00000072.wav,pump,id_04,normal,0.47058016436556654,0.14030730694160565,True,True,anomaly
data\raw\mimii\pump\id_04\normal\00000073.wav,pump,id_04,normal,0.40088603903936165,0.06199267495135725,True,False,anomaly
data\raw\mimii\pump\id_04\normal\00000074.wav,pump,id_04,normal,0.44079903151187816,0.18553404130601392,True,True,anomaly
data\raw\mimii\pump\id_04\normal\00000075.wav,pump,id_04,normal,0.4731737360660692,0.2471098531403323,True,True,anomaly
data\raw\mimii\pump\id_04\normal\00000076.wav,pump,id_04,normal,0.40059303408890096,0.07023277959431468,True,False,anomaly
data\raw\mimii\pump\id_04\normal\00000077.wav,pump,id_04,normal,0.41220002605819106,0.07556661176338944,True,True,anomaly
data\raw\mimii\pump\id_04\normal\00000078.wav,pump,id_04,normal,0.3955791791370828,0.07829788515215017,False,True,anomaly
data\raw\mimii\pump\id_04\normal\00000079.wav,pump,id_04,normal,0.47601573241402484,0.1126673813572905,True,True,anomaly
data\raw\mimii\pump\id_04\normal\00000080.wav,pump,id_04,normal,0.39299115827356323,0.07277072162325733,False,False,normal
data\raw\mimii\pump\id_04\normal\00000081.wav,pump,id_04,normal,0.39207935126653287,0.0795543399107574,False,True,anomaly
data\raw\mimii\pump\id_04\normal\00000082.wav,pump,id_04,normal,0.4546398667335936,0.15082770014881064,True,True,anomaly
data\raw\mimii\pump\id_04\normal\00000083.wav,pump,id_04,normal,0.428486105019567,0.09260592792735323,True,True,anomaly
data\raw\mimii\pump\id_04\normal\00000084.wav,pump,id_04,normal,0.40212967228209445,0.09416082968553856,True,True,anomaly
data\raw\mimii\pump\id_04\normal\00000085.wav,pump,id_04,normal,0.42794847233442584,0.28088307830790527,True,True,anomaly
data\raw\mimii\pump\id_04\normal\00000086.wav,pump,id_04,normal,0.44939933946285565,0.13304206888736048,True,True,anomaly
data\raw\mimii\pump\id_04\normal\00000087.wav,pump,id_04,normal,0.39685084157039635,0.07667224614090044,False,True,anomaly
data\raw\mimii\pump\id_04\normal\00000088.wav,pump,id_04,normal,0.4119132560199352,0.15028214500756829,True,True,anomaly
data\raw\mimii\pump\id_04\normal\00000089.wav,pump,id_04,normal,0.3974701365673779,0.048263761769883486,False,False,normal
data\raw\mimii\pump\id_04\normal\00000090.wav,pump,id_04,normal,0.452708921858993,0.09033165611252224,True,True,anomaly
data\raw\mimii\pump\id_04\normal\00000091.wav,pump,id_04,normal,0.45136579910328134,0.34246110016099923,True,True,anomaly
data\raw\mimii\pump\id_04\normal\00000092.wav,pump,id_04,normal,0.3947728013891627,0.060049983447665,False,False,normal
data\raw\mimii\pump\id_04\normal\00000093.wav,pump,id_04,normal,0.39388494906165267,0.07390349724921534,False,False,normal
data\raw\mimii\pump\id_04\normal\00000094.wav,pump,id_04,normal,0.41201992568962326,0.11164915024705617,True,True,anomaly
data\raw\mimii\pump\id_04\normal\00000095.wav,pump,id_04,normal,0.4493954437633107,0.11331098396492235,True,True,anomaly
data\raw\mimii\pump\id_04\normal\00000096.wav,pump,id_04,normal,0.3913468854035713,0.05931025507858754,False,False,normal
data\raw\mimii\pump\id_04\normal\00000097.wav,pump,id_04,normal,0.40612065356277344,0.18227026122467005,True,True,anomaly
data\raw\mimii\pump\id_04\normal\00000098.wav,pump,id_04,normal,0.40518418993601224,0.12614551702285895,True,True,anomaly
data\raw\mimii\pump\id_04\normal\00000099.wav,pump,id_04,normal,0.4049988394837583,0.07106464205772099,True,False,anomaly
data\raw\mimii\pump\id_04\normal\00000100.wav,pump,id_04,normal,0.4337721723534627,0.09605554242456547,True,True,anomaly
data\raw\mimii\pump\id_04\normal\00000101.wav,pump,id_04,normal,0.45127448070293746,0.09952005789573902,True,True,anomaly
data\raw\mimii\pump\id_04\normal\00000102.wav,pump,id_04,normal,0.40239293064042786,0.09423894802304067,True,True,anomaly
data\raw\mimii\pump\id_04\normal\00000103.wav,pump,id_04,normal,0.4430388824012044,0.15427926614631313,True,True,anomaly
data\raw\mimii\pump\id_04\normal\00000104.wav,pump,id_04,normal,0.4000636524366148,0.055582404568092526,True,False,anomaly
data\raw\mimii\pump\id_04\normal\00000105.wav,pump,id_04,normal,0.47688405020991387,0.10908718357746032,True,True,anomaly
data\raw\mimii\pump\id_04\normal\00000106.wav,pump,id_04,normal,0.3962089553140169,0.05463736832903112,False,False,normal
data\raw\mimii\pump\id_04\normal\00000107.wav,pump,id_04,normal,0.4593397194826286,0.07343874918341238,True,False,anomaly
data\raw\mimii\pump\id_04\normal\00000108.wav,pump,id_04,normal,0.448523273760731,0.08824501376043986,True,True,anomaly
data\raw\mimii\pump\id_04\normal\00000109.wav,pump,id_04,normal,0.4417258548258589,0.11044839427854432,True,True,anomaly
data\raw\mimii\pump\id_04\normal\00000110.wav,pump,id_04,normal,0.39570504141237617,0.09313845226156299,False,True,anomaly
data\raw\mimii\pump\id_04\normal\00000111.wav,pump,id_04,normal,0.4003778527469533,0.05870703014927977,True,False,anomaly